{"name":"3bff5cf0-6c83-4665-87ae-2ba1a169bef3","id":"/providers/Microsoft.Flow/flows/3bff5cf0-6c83-4665-87ae-2ba1a169bef3","type":"Microsoft.Flow/flows","properties":{"apiId":"/providers/Microsoft.PowerApps/apis/shared_logicflows","displayName":"Weather Condition","definition":{"metadata":{"workflowEntityId":null,"processAdvisorMetadata":null,"flowChargedByPaygo":null,"flowclientsuspensionreason":"None","flowclientsuspensiontime":null,"flowclientsuspensionreasondetails":null,"creator":{"id":"8aa2e849-a140-45ab-9d60-4c1e2aa417b3","type":"User","tenantId":"cdb7dfd3-ce82-4390-a0cf-e4ff74cbaf74"},"provisioningMethod":"FromDefinition","failureAlertSubscription":true,"clientLastModifiedTime":"2024-08-21T06:11:12.9144025Z","connectionKeySavedTimeKey":"2024-08-21T06:11:12.9144025Z"},"$schema":"https://schema.management.azure.com/providers/Microsoft.Logic/schemas/2016-06-01/workflowdefinition.json#","contentVersion":"undefined","parameters":{"$authentication":{"defaultValue":{},"type":"SecureObject"},"$connections":{"defaultValue":{},"type":"Object"}},"triggers":{"Recurrence":{"recurrence":{"frequency":"Hour","interval":1,"startTime":"2024-08-21T04:30:00.000Z","timeZone":"India Standard Time"},"type":"Recurrence"}},"actions":{"Get_current_weather":{"runAfter":{},"type":"OpenApiConnection","inputs":{"parameters":{"Location":"Bengaluru","units":"I"},"host":{"apiId":"/providers/Microsoft.PowerApps/apis/shared_msnweather","connectionName":"shared_msnweather","operationId":"CurrentWeather"},"authentication":"@parameters('$authentication')"}},"Add_a_row_into_a_table":{"runAfter":{"Get_current_weather":["Succeeded"]},"metadata":{"01W3LHSBIDI2FL2WPLMZHKMFK2HIQMDUQ4":"/Deekshith/PL-100 part-1/Weather.xlsx","01W3LHSBPN3OZSGD6JWNEK7UPBJQXY5MWI":"/Deekshith/PL-100 part-1/PowerBISourceDataf.xlsx","tableId":"{D2A2B1B5-D2A9-4109-A2E5-864BDB3D282E}"},"type":"OpenApiConnection","inputs":{"parameters":{"source":"me","drive":"b!jdGci_fSxE-8xLk7frRxM81JIru_VqZHqFTcpX3AubjTdO8JUOP4SY_LkfVM92i0","file":"01W3LHSBIDI2FL2WPLMZHKMFK2HIQMDUQ4","table":"{D2A2B1B5-D2A9-4109-A2E5-864BDB3D282E}","item/Pressure":"@outputs('Get_current_weather')?['body/responses/weather/current/baro']","item/Humidity":"@outputs('Get_current_weather')?['body/responses/weather/current/rh']","item/Temperature":"@outputs('Get_current_weather')?['body/responses/weather/current/temp']","item/Wind Speed":"@outputs('Get_current_weather')?['body/responses/weather/current/windSpd']","item/Conditions":"@outputs('Get_current_weather')?['body/responses/weather/current/cap']"},"host":{"apiId":"/providers/Microsoft.PowerApps/apis/shared_excelonlinebusiness","connectionName":"shared_excelonlinebusiness","operationId":"AddRowV2"},"authentication":"@parameters('$authentication')"}}}},"connectionReferences":{"shared_msnweather":{"connectionName":"shared-msnweather-ef3512be-780f-45e4-b5b6-b1ef8b7119fd","source":"Embedded","id":"/providers/Microsoft.PowerApps/apis/shared_msnweather","tier":"NotSpecified"},"shared_excelonlinebusiness":{"connectionName":"shared-excelonlinebu-b2a7ce42-2181-489f-84c1-39557f79e463","source":"Embedded","id":"/providers/Microsoft.PowerApps/apis/shared_excelonlinebusiness","tier":"NotSpecified"}},"flowFailureAlertSubscribed":false,"isManaged":false}}