{"name":"b2cd26f0-3b1d-4719-af92-ab85d17e3abe","id":"/providers/Microsoft.Flow/flows/b2cd26f0-3b1d-4719-af92-ab85d17e3abe","type":"Microsoft.Flow/flows","properties":{"apiId":"/providers/Microsoft.PowerApps/apis/shared_logicflows","displayName":"Http request","definition":{"metadata":{"workflowEntityId":null,"processAdvisorMetadata":null,"flowChargedByPaygo":null,"flowclientsuspensionreason":"None","flowclientsuspensiontime":null,"flowclientsuspensionreasondetails":null,"creator":{"id":"8aa2e849-a140-45ab-9d60-4c1e2aa417b3","type":"User","tenantId":"cdb7dfd3-ce82-4390-a0cf-e4ff74cbaf74"},"provisioningMethod":"FromDefinition","failureAlertSubscription":true,"clientLastModifiedTime":"2024-08-23T07:55:43.3098017Z","connectionKeySavedTimeKey":"2024-08-23T07:55:43.3098017Z"},"$schema":"https://schema.management.azure.com/providers/Microsoft.Logic/schemas/2016-06-01/workflowdefinition.json#","contentVersion":"undefined","parameters":{"$authentication":{"defaultValue":{},"type":"SecureObject"},"$connections":{"defaultValue":{},"type":"Object"}},"triggers":{"manual":{"type":"Request","kind":"Button","inputs":{"schema":{"type":"object","properties":{},"required":[]}}}},"actions":{"HTTP":{"runAfter":{},"type":"Http","inputs":{"uri":"https://reqres.in/api/users?page=2","method":"GET"},"runtimeConfiguration":{"contentTransfer":{"transferMode":"Chunked"}}},"Parse_JSON":{"runAfter":{"HTTP":["Succeeded"]},"type":"ParseJson","inputs":{"content":"@body('HTTP')","schema":{"type":"object","properties":{"page":{"type":"integer"},"per_page":{"type":"integer"},"total":{"type":"integer"},"total_pages":{"type":"integer"},"data":{"type":"array","items":{"type":"object","properties":{"id":{"type":"integer"},"email":{"type":"string"},"first_name":{"type":"string"},"last_name":{"type":"string"},"avatar":{"type":"string"}},"required":["id","email","first_name","last_name","avatar"]}},"support":{"type":"object","properties":{"url":{"type":"string"},"text":{"type":"string"}}}}}}},"Apply_to_each":{"foreach":"@body('Parse_JSON')?['data']","actions":{"Post_message_(V2)-copy":{"type":"OpenApiConnection","inputs":{"parameters":{"message/channel":"C07J0CZ79DH","message/text":"@item()?['first_name']"},"host":{"apiId":"/providers/Microsoft.PowerApps/apis/shared_slack","connectionName":"shared_slack","operationId":"PostMessage_V2"},"authentication":{"value":"@json(decodeBase64(triggerOutputs().headers['X-MS-APIM-Tokens']))['$ConnectionKey']","type":"Raw"}}}},"runAfter":{"Parse_JSON":["Succeeded"]},"type":"Foreach"}}},"connectionReferences":{"shared_slack":{"connectionName":"shared-slack-d86d6552-dee6-4023-b380-5b5fe640e4a5","source":"Invoker","id":"/providers/Microsoft.PowerApps/apis/shared_slack","tier":"NotSpecified"}},"flowFailureAlertSubscribed":false,"isManaged":false}}