{"name":"4de8231e-70d5-4207-b22e-1c125dcaa190","id":"/providers/Microsoft.Flow/flows/4de8231e-70d5-4207-b22e-1c125dcaa190","type":"Microsoft.Flow/flows","properties":{"apiId":"/providers/Microsoft.PowerApps/apis/shared_logicflows","displayName":"WithDesktopFlow","definition":{"metadata":{"workflowEntityId":null,"processAdvisorMetadata":null,"flowChargedByPaygo":null,"flowclientsuspensionreason":"None","flowclientsuspensiontime":null,"flowclientsuspensionreasondetails":null,"creator":{"id":"8aa2e849-a140-45ab-9d60-4c1e2aa417b3","type":"User","tenantId":"cdb7dfd3-ce82-4390-a0cf-e4ff74cbaf74"},"provisioningMethod":"FromDefinition","failureAlertSubscription":true,"clientLastModifiedTime":"2024-08-26T13:09:51.4714086Z","connectionKeySavedTimeKey":"2024-08-26T13:09:51.4714086Z"},"$schema":"https://schema.management.azure.com/providers/Microsoft.Logic/schemas/2016-06-01/workflowdefinition.json#","contentVersion":"undefined","parameters":{"$authentication":{"defaultValue":{},"type":"SecureObject"},"$connections":{"defaultValue":{},"type":"Object"}},"triggers":{"manual":{"type":"Request","kind":"Button","inputs":{"schema":{"type":"object","properties":{},"required":[]}}}},"actions":{"Run_a_flow_built_with_Power_Automate_for_desktop":{"runAfter":{},"type":"OpenApiConnection","inputs":{"parameters":{"uiFlowId":"ea0f2076-3c98-4b70-bb8a-07c3ef2f32be","runMode":"attended","item/InputName":"Deekshith G D"},"host":{"apiId":"/providers/Microsoft.PowerApps/apis/shared_uiflow","connectionName":"shared_uiflow","operationId":"RunUIFlow_V2"},"authentication":{"value":"@json(decodeBase64(triggerOutputs().headers['X-MS-APIM-Tokens']))['$ConnectionKey']","type":"Raw"}}}}},"connectionReferences":{"shared_uiflow":{"connectionName":"shared-uiflow-3daa7141-3745-414e-8b57-16d74c7a7576","source":"Invoker","id":"/providers/Microsoft.PowerApps/apis/shared_uiflow","tier":"NotSpecified"}},"flowFailureAlertSubscribed":false,"isManaged":false}}