{"name":"9ca396f0-a181-415b-b4c7-4386bde08958","id":"/providers/Microsoft.Flow/flows/9ca396f0-a181-415b-b4c7-4386bde08958","type":"Microsoft.Flow/flows","properties":{"apiId":"/providers/Microsoft.PowerApps/apis/shared_logicflows","displayName":"Collection","definition":{"metadata":{"workflowEntityId":null,"processAdvisorMetadata":null,"flowChargedByPaygo":null,"flowclientsuspensionreason":"None","flowclientsuspensiontime":null,"flowclientsuspensionreasondetails":null,"creator":{"id":"8aa2e849-a140-45ab-9d60-4c1e2aa417b3","type":"User","tenantId":"cdb7dfd3-ce82-4390-a0cf-e4ff74cbaf74"},"provisioningMethod":"FromDefinition","failureAlertSubscription":true,"clientLastModifiedTime":"2024-08-24T06:52:18.5054417Z","connectionKeySavedTimeKey":"2024-08-24T06:52:18.5054417Z"},"$schema":"https://schema.management.azure.com/providers/Microsoft.Logic/schemas/2016-06-01/workflowdefinition.json#","contentVersion":"undefined","parameters":{"$connections":{"defaultValue":{},"type":"Object"},"$authentication":{"defaultValue":{},"type":"SecureObject"}},"triggers":{"manual":{"metadata":{"operationMetadataId":"35f33f6f-87f2-4726-b8d9-c123be4789d1"},"type":"Request","kind":"Button","inputs":{"schema":{"type":"object","properties":{"text":{"description":"Please enter your input","title":"Input","type":"string","x-ms-content-hint":"TEXT","x-ms-dynamically-added":true},"text_1":{"title":"Input 1","type":"string","x-ms-dynamically-added":true,"description":"Please enter the search text","x-ms-content-hint":"TEXT"}},"required":["text","text_1"]}}}},"actions":{"Post_message_(V2)":{"runAfter":{},"metadata":{"operationMetadataId":"1834c949-ac07-4ca9-bab4-6427d58f039b"},"type":"OpenApiConnection","inputs":{"host":{"apiId":"/providers/Microsoft.PowerApps/apis/shared_slack","connectionName":"shared_slack","operationId":"PostMessage_V2"},"parameters":{"message/channel":"C07J0CZ79DH","message/text":"@split(triggerBody()?['text'], ' ')"},"authentication":{"value":"@json(decodeBase64(triggerOutputs().headers['X-MS-APIM-Tokens']))['$ConnectionKey']","type":"Raw"}}},"Check_if_any_of_the_word_in_the_input_contains_the_given_word":{"actions":{"Post_message_(V2)_2":{"runAfter":{},"metadata":{"operationMetadataId":"a5dabb56-34f6-4afd-9757-6c4ed1cb685e"},"type":"OpenApiConnection","inputs":{"host":{"apiId":"/providers/Microsoft.PowerApps/apis/shared_slack","connectionName":"shared_slack","operationId":"PostMessage_V2"},"parameters":{"message/channel":"C07J0CZ79DH","message/text":"Input contains the word"},"authentication":{"value":"@json(decodeBase64(triggerOutputs().headers['X-MS-APIM-Tokens']))['$ConnectionKey']","type":"Raw"}}}},"runAfter":{"Post_message_(V2)":["Succeeded"]},"expression":{"and":[{"equals":["@contains(split(triggerBody()['text'], ' '), triggerBody()['text_1'])",true]}]},"metadata":{"operationMetadataId":"a5e44162-0658-43d1-8aa5-b3b74d1ed109"},"type":"If"}}},"connectionReferences":{"shared_slack":{"connectionName":"shared-slack-d86d6552-dee6-4023-b380-5b5fe640e4a5","source":"Invoker","id":"/providers/Microsoft.PowerApps/apis/shared_slack","tier":"NotSpecified"}},"flowFailureAlertSubscribed":false,"isManaged":false}}