{"name":"3ce5dc27-3ad0-43f6-b3d8-f57a983ca5f1","id":"/providers/Microsoft.Flow/flows/3ce5dc27-3ad0-43f6-b3d8-f57a983ca5f1","type":"Microsoft.Flow/flows","properties":{"apiId":"/providers/Microsoft.PowerApps/apis/shared_logicflows","displayName":"Do Until - 2","definition":{"metadata":{"workflowEntityId":null,"processAdvisorMetadata":null,"flowChargedByPaygo":null,"flowclientsuspensionreason":"None","flowclientsuspensiontime":null,"flowclientsuspensionreasondetails":null,"creator":{"id":"8aa2e849-a140-45ab-9d60-4c1e2aa417b3","type":"User","tenantId":"cdb7dfd3-ce82-4390-a0cf-e4ff74cbaf74"},"provisioningMethod":"FromDefinition","failureAlertSubscription":true,"clientLastModifiedTime":"2024-08-23T05:29:47.6890949Z","connectionKeySavedTimeKey":"2024-08-23T05:29:47.6890949Z"},"$schema":"https://schema.management.azure.com/providers/Microsoft.Logic/schemas/2016-06-01/workflowdefinition.json#","contentVersion":"undefined","parameters":{"$authentication":{"defaultValue":{},"type":"SecureObject"},"$connections":{"defaultValue":{},"type":"Object"}},"triggers":{"manual":{"type":"Request","kind":"Button","inputs":{"schema":{"type":"object","properties":{"text":{"description":"Please enter your message","title":"Message","type":"string","x-ms-content-hint":"TEXT","x-ms-dynamically-added":true},"number":{"description":"Please enter the number of times you want to send the message","title":"Number","type":"number","x-ms-content-hint":"NUMBER","x-ms-dynamically-added":true}},"required":["text","number"]}}}},"actions":{"Initialize_variable":{"runAfter":{},"type":"InitializeVariable","inputs":{"variables":[{"name":"Counter","type":"integer","value":0}]}},"Do_until":{"actions":{"Post_message_(V2)":{"type":"OpenApiConnection","inputs":{"parameters":{"message/channel":"C07J6HDD02X","message/text":"@concat(triggerBody()?['text'], ' ', variables('Counter'))"},"host":{"apiId":"/providers/Microsoft.PowerApps/apis/shared_slack","connectionName":"shared_slack","operationId":"PostMessage_V2"},"authentication":{"value":"@json(decodeBase64(triggerOutputs().headers['X-MS-APIM-Tokens']))['$ConnectionKey']","type":"Raw"}}},"Increment_variable":{"runAfter":{"Post_message_(V2)":["Succeeded"]},"type":"IncrementVariable","inputs":{"name":"Counter","value":1}}},"runAfter":{"Initialize_variable":["Succeeded"]},"expression":"@equals(variables('Counter'),triggerBody()?['number'])","limit":{"count":60,"timeout":"PT1H"},"type":"Until"}}},"connectionReferences":{"shared_slack":{"connectionName":"shared-slack-d86d6552-dee6-4023-b380-5b5fe640e4a5","source":"Invoker","id":"/providers/Microsoft.PowerApps/apis/shared_slack","tier":"NotSpecified"}},"flowFailureAlertSubscribed":false,"isManaged":false}}