{"name":"efdd34f4-1881-4794-a5e3-a2368f794706","id":"/providers/Microsoft.Flow/flows/efdd34f4-1881-4794-a5e3-a2368f794706","type":"Microsoft.Flow/flows","properties":{"apiId":"/providers/Microsoft.PowerApps/apis/shared_logicflows","displayName":"Variable Manipulation","definition":{"metadata":{"workflowEntityId":null,"processAdvisorMetadata":null,"flowChargedByPaygo":null,"flowclientsuspensionreason":"None","flowclientsuspensiontime":null,"flowclientsuspensionreasondetails":null,"creator":{"id":"8aa2e849-a140-45ab-9d60-4c1e2aa417b3","type":"User","tenantId":"cdb7dfd3-ce82-4390-a0cf-e4ff74cbaf74"},"provisioningMethod":"FromDefinition","failureAlertSubscription":true,"clientLastModifiedTime":"2024-08-23T07:33:09.8089196Z","connectionKeySavedTimeKey":"2024-08-23T07:33:09.8089196Z"},"$schema":"https://schema.management.azure.com/providers/Microsoft.Logic/schemas/2016-06-01/workflowdefinition.json#","contentVersion":"undefined","parameters":{"$connections":{"defaultValue":{},"type":"Object"},"$authentication":{"defaultValue":{},"type":"SecureObject"}},"triggers":{"manual":{"metadata":{"operationMetadataId":"8565064e-b4aa-41cb-95ec-e99958cf8147"},"type":"Request","kind":"Button","inputs":{"schema":{"type":"object","properties":{},"required":[]}}}},"actions":{"Initialize_variable":{"runAfter":{},"metadata":{"operationMetadataId":"30857788-9794-43dc-93b7-d9cff0a9a432"},"type":"InitializeVariable","inputs":{"variables":[{"name":"DoesFileExist","type":"boolean","value":false}]}},"Do_until":{"actions":{"Find_files_in_folder-copy":{"runAfter":{},"metadata":{"b!jdGci_fSxE-8xLk7frRxM81JIru_VqZHqFTcpX3AubjTdO8JUOP4SY_LkfVM92i0.01W3LHSBPAOV6CPLIH2ZDYGFZQQ452QDWF":"/Deekshith/20-08-2024/PowerAutomate/File","b!jdGci_fSxE-8xLk7frRxM81JIru_VqZHqFTcpX3AubjTdO8JUOP4SY_LkfVM92i0.01W3LHSBKP22AVFN7LFRHJDF26EVKZFQ4Q":"/Deekshith/20-08-2024","6e202211-2856-4d17-9ded-5beb8b8626b0":"/","operationMetadataId":"51c01e49-cb86-43c4-91fb-ebd076a66064"},"type":"OpenApiConnection","inputs":{"host":{"apiId":"/providers/Microsoft.PowerApps/apis/shared_onedriveforbusiness","connectionName":"shared_onedriveforbusiness","operationId":"FindFiles"},"parameters":{"query":"MoneyMadeLastNight","id":"b!jdGci_fSxE-8xLk7frRxM81JIru_VqZHqFTcpX3AubjTdO8JUOP4SY_LkfVM92i0.01W3LHSBPAOV6CPLIH2ZDYGFZQQ452QDWF","findMode":"OneDriveSearch","maxFileCount":1},"authentication":{"value":"@json(decodeBase64(triggerOutputs().headers['X-MS-APIM-Tokens']))['$ConnectionKey']","type":"Raw"}}},"Set_variable":{"runAfter":{"Find_files_in_folder-copy":["Succeeded"]},"metadata":{"operationMetadataId":"fc341994-2068-434d-8d5e-19ecd590ba0a"},"type":"SetVariable","inputs":{"name":"NumberOfFilesThatMatch","value":"@length(body('Find_files_in_folder-copy'))"}},"Set_variable_1":{"runAfter":{"Set_variable":["Succeeded"]},"metadata":{"operationMetadataId":"0318a0a5-7ee9-4be1-895d-e42e8b7ee0eb"},"type":"SetVariable","inputs":{"name":"DoesFileExist","value":"@if(greater(variables('NumberOfFilesThatMatch'), 0), true, false)"}},"Post_message_(V2)":{"runAfter":{"Set_variable_1":["Succeeded"]},"metadata":{"operationMetadataId":"8af8f42e-4d93-4243-90f1-33237e109f9d"},"type":"OpenApiConnection","inputs":{"parameters":{"message/channel":"C07J0CZ79DH","message/text":"Hey Deekshith, I haven't received he file yet, send it asap."},"host":{"apiId":"/providers/Microsoft.PowerApps/apis/shared_slack","connectionName":"shared_slack","operationId":"PostMessage_V2"},"authentication":{"value":"@json(decodeBase64(triggerOutputs().headers['X-MS-APIM-Tokens']))['$ConnectionKey']","type":"Raw"}}},"Delay":{"runAfter":{"Post_message_(V2)":["Succeeded"]},"metadata":{"operationMetadataId":"19f4408b-50b2-481b-8c23-9fb5dd3bebcb"},"type":"Wait","inputs":{"interval":{"count":1,"unit":"Minute"}}}},"runAfter":{"Initialize_variable_1":["Succeeded"]},"expression":"@equals(variables('DoesFileExist'),true)","limit":{"count":60,"timeout":"PT1H"},"metadata":{"operationMetadataId":"fed8472a-76e2-43ac-8cf9-4c1a3d1b4bf4"},"type":"Until"},"Initialize_variable_1":{"runAfter":{"Initialize_variable":["Succeeded"]},"metadata":{"operationMetadataId":"59e47cd6-3a53-4d29-b4e4-25d53199712b"},"type":"InitializeVariable","inputs":{"variables":[{"name":"NumberOfFilesThatMatch","type":"integer","value":0}]}},"Post_message_(V2)_1":{"runAfter":{"Do_until":["Succeeded"]},"metadata":{"operationMetadataId":"c7efe6a1-58c7-4b2e-807e-e7eb671292be"},"type":"OpenApiConnection","inputs":{"parameters":{"message/channel":"C07J0CZ79DH","message/text":"Hey Deekshith, file has been received. Thank You!"},"host":{"apiId":"/providers/Microsoft.PowerApps/apis/shared_slack","connectionName":"shared_slack","operationId":"PostMessage_V2"},"authentication":{"value":"@json(decodeBase64(triggerOutputs().headers['X-MS-APIM-Tokens']))['$ConnectionKey']","type":"Raw"}}}}},"connectionReferences":{"shared_onedriveforbusiness":{"connectionName":"9c009703b36349489d2c5cdd9df23e2a","source":"Invoker","id":"/providers/Microsoft.PowerApps/apis/shared_onedriveforbusiness","tier":"NotSpecified"},"shared_slack":{"connectionName":"shared-slack-d86d6552-dee6-4023-b380-5b5fe640e4a5","source":"Invoker","id":"/providers/Microsoft.PowerApps/apis/shared_slack","tier":"NotSpecified"}},"flowFailureAlertSubscribed":false,"isManaged":false}}