{"name":"117e7eb2-1ced-4eb7-9535-c8d86f45128a","id":"/providers/Microsoft.Flow/flows/117e7eb2-1ced-4eb7-9535-c8d86f45128a","type":"Microsoft.Flow/flows","properties":{"apiId":"/providers/Microsoft.PowerApps/apis/shared_logicflows","displayName":"Parallel Flow","definition":{"metadata":{"workflowEntityId":null,"processAdvisorMetadata":null,"flowChargedByPaygo":null,"flowclientsuspensionreason":"None","flowclientsuspensiontime":null,"flowclientsuspensionreasondetails":null,"creator":{"id":"8aa2e849-a140-45ab-9d60-4c1e2aa417b3","type":"User","tenantId":"cdb7dfd3-ce82-4390-a0cf-e4ff74cbaf74"},"provisioningMethod":"FromDefinition","failureAlertSubscription":true,"clientLastModifiedTime":"2024-08-22T13:34:46.8215388Z","connectionKeySavedTimeKey":"2024-08-22T13:34:46.8215388Z"},"$schema":"https://schema.management.azure.com/providers/Microsoft.Logic/schemas/2016-06-01/workflowdefinition.json#","contentVersion":"1.0.0.0","parameters":{"$authentication":{"defaultValue":{},"type":"SecureObject"},"$connections":{"defaultValue":{},"type":"Object"}},"triggers":{"manual":{"metadata":{"operationMetadataId":"2a34ed7f-2044-405b-8f1f-4b46bb2c99f7"},"type":"Request","kind":"PowerAppV2","inputs":{"schema":{"type":"object","properties":{"text":{"title":"Input","type":"string","x-ms-dynamically-added":true,"description":"Please enter your input","x-ms-content-hint":"TEXT"},"text_1":{"title":"Input 1","type":"string","x-ms-dynamically-added":true,"description":"Please enter your input","x-ms-content-hint":"TEXT"}},"required":["text","text_1"]}}}},"actions":{"Condition":{"actions":{"Create_a_card":{"runAfter":{"Send_an_email_notification_(V3)":["Succeeded"]},"metadata":{"operationMetadataId":"e070159a-6642-445d-8e6e-5484e9fc7a34"},"type":"OpenApiConnection","inputs":{"parameters":{"board_id":"66c6e63d7d308b9c1545f0c9","newCard/idList":"66c6e649de73cfe4497932e9","newCard/name":"Ticket for @{triggerBody()?['text']}","newCard/urlSource":"null","newCard/desc":"@triggerBody()?['text_1']"},"host":{"apiId":"/providers/Microsoft.PowerApps/apis/shared_trello","connectionName":"shared_trello","operationId":"CreateCard_V2"},"authentication":{"value":"@json(decodeBase64(triggerOutputs().headers['X-MS-APIM-Tokens']))['$ConnectionKey']","type":"Raw"}}},"Send_an_email_notification_(V3)":{"runAfter":{"Start_and_wait_for_an_approval_of_text":["Succeeded"]},"metadata":{"operationMetadataId":"67812ffa-02db-428c-a3d5-9569d3299248"},"type":"OpenApiConnection","inputs":{"parameters":{"request/to":"Deekshith@star-knowledge.org;","request/subject":"Issue found!","request/text":"<p>Description of Issue: @{triggerBody()['text_1']}</p>"},"host":{"apiId":"/providers/Microsoft.PowerApps/apis/shared_sendmail","connectionName":"shared_sendmail","operationId":"SendEmailV3"},"authentication":{"value":"@json(decodeBase64(triggerOutputs().headers['X-MS-APIM-Tokens']))['$ConnectionKey']","type":"Raw"}}},"Post_message_(V2)":{"runAfter":{"Start_and_wait_for_an_approval_of_text":["Succeeded"]},"metadata":{"operationMetadataId":"3f108685-ae76-4609-9630-d23d626d9127"},"type":"OpenApiConnection","inputs":{"parameters":{"message/channel":"C07J0FUB19Q","message/text":"Alert! A Ticket has been raised.\nDescription of issue: @{triggerBody()?['text_1']}"},"host":{"apiId":"/providers/Microsoft.PowerApps/apis/shared_slack","connectionName":"shared_slack","operationId":"PostMessage_V2"},"authentication":{"value":"@json(decodeBase64(triggerOutputs().headers['X-MS-APIM-Tokens']))['$ConnectionKey']","type":"Raw"}}},"Start_and_wait_for_an_approval_of_text":{"metadata":{"operationMetadataId":"af442ee4-1006-4795-8b32-2cfb05e4c008"},"type":"OpenApiConnectionWebhook","inputs":{"parameters":{"WebhookTextSuggestionApprovalCreationInput/title":"Approve/Reject - First to respond","WebhookTextSuggestionApprovalCreationInput/suggestedText":"Need to solve ASAP","WebhookTextSuggestionApprovalCreationInput/assignedTo":"deekshith@star-knowledge.org","WebhookTextSuggestionApprovalCreationInput/details":"@concat('Type: ', triggerBody()?['text'], ',', triggerBody()?['text_1'])","WebhookTextSuggestionApprovalCreationInput/enableNotifications":true,"WebhookTextSuggestionApprovalCreationInput/enableReassignment":true},"host":{"apiId":"/providers/Microsoft.PowerApps/apis/shared_approvals","connectionName":"shared_approvals","operationId":"StartAndWaitForATextSuggestionApproval"},"authentication":{"value":"@json(decodeBase64(triggerOutputs().headers['X-MS-APIM-Tokens']))['$ConnectionKey']","type":"Raw"}}}},"runAfter":{},"else":{"actions":{"Respond_to_a_Power_App_or_flow":{"metadata":{"operationMetadataId":"b9bffb26-2bf0-4de7-8b49-c9013c242ab7"},"type":"Response","kind":"PowerApp","inputs":{"schema":{"type":"object","properties":{"reply":{"title":"Reply","x-ms-dynamically-added":true,"type":"string"}},"additionalProperties":{}},"statusCode":200,"body":{"reply":"Describe your issues or problems faced, this description has not meet the criteria to raise a ticket, please raise another ticket. Our team will look into it."}}}}},"expression":{"or":[{"contains":["@toLower(triggerBody()?['text_1'])","issue"]},{"contains":["@toLower(triggerBody()?['text_1'])","problem"]}]},"metadata":{"operationMetadataId":"5c5fb6cc-9811-4e85-b63f-e0f8263526e6"},"type":"If"}}},"connectionReferences":{"shared_trello":{"connectionName":"shared-trello-75ec8c68-d4f6-49ae-99bd-42d68e4bcc9b","source":"Invoker","id":"/providers/Microsoft.PowerApps/apis/shared_trello","tier":"NotSpecified"},"shared_sendmail":{"connectionName":"shared-sendmail-2053a1e1-58de-4dcd-b5af-924a0779eb17","source":"Invoker","id":"/providers/Microsoft.PowerApps/apis/shared_sendmail","tier":"NotSpecified"},"shared_slack":{"connectionName":"shared-slack-d86d6552-dee6-4023-b380-5b5fe640e4a5","source":"Invoker","id":"/providers/Microsoft.PowerApps/apis/shared_slack","tier":"NotSpecified"},"shared_approvals":{"connectionName":"shared-approvals-b66e938b-ab30-401a-817e-eb1ddf998a6e","source":"Invoker","id":"/providers/Microsoft.PowerApps/apis/shared_approvals","tier":"NotSpecified"}},"flowFailureAlertSubscribed":false,"isManaged":false}}