{"name":"013e7e26-c126-4cd6-a65e-89c581daf1bf","id":"/providers/Microsoft.Flow/flows/013e7e26-c126-4cd6-a65e-89c581daf1bf","type":"Microsoft.Flow/flows","properties":{"apiId":"/providers/Microsoft.PowerApps/apis/shared_logicflows","displayName":"HTTP","definition":{"metadata":{"workflowEntityId":null,"processAdvisorMetadata":null,"flowChargedByPaygo":null,"flowclientsuspensionreason":"None","flowclientsuspensiontime":null,"flowclientsuspensionreasondetails":null,"creator":{"id":"8aa2e849-a140-45ab-9d60-4c1e2aa417b3","type":"User","tenantId":"cdb7dfd3-ce82-4390-a0cf-e4ff74cbaf74"},"provisioningMethod":"FromDefinition","failureAlertSubscription":true,"clientLastModifiedTime":"2024-08-27T05:38:20.1212818Z","connectionKeySavedTimeKey":"2024-08-27T05:38:20.1212818Z"},"$schema":"https://schema.management.azure.com/providers/Microsoft.Logic/schemas/2016-06-01/workflowdefinition.json#","contentVersion":"undefined","parameters":{"$authentication":{"defaultValue":{},"type":"SecureObject"},"$connections":{"defaultValue":{},"type":"Object"}},"triggers":{"manual":{"metadata":{},"type":"Request","kind":"Http","inputs":{"schema":{"type":"object","properties":{"firstname":{"type":"string"},"lastname":{"type":"string"}}},"triggerAuthenticationType":"All"}}},"actions":{"Post_message_(V2)":{"runAfter":{},"type":"OpenApiConnection","inputs":{"parameters":{"message/channel":"C07J0FUB19Q","message/text":"@concat('Hello!, ', triggerBody()?['firstname'], ' ', triggerBody()?['lastname'])"},"host":{"apiId":"/providers/Microsoft.PowerApps/apis/shared_slack","connectionName":"shared_slack","operationId":"PostMessage_V2"},"authentication":"@parameters('$authentication')"}}}},"connectionReferences":{"shared_slack":{"connectionName":"shared-slack-d86d6552-dee6-4023-b380-5b5fe640e4a5","source":"Embedded","id":"/providers/Microsoft.PowerApps/apis/shared_slack","tier":"NotSpecified"}},"flowFailureAlertSubscribed":false,"isManaged":false}}