{"name":"aec5a6ce-022f-4ba4-b24f-c74392fbe4ba","id":"/providers/Microsoft.Flow/flows/aec5a6ce-022f-4ba4-b24f-c74392fbe4ba","type":"Microsoft.Flow/flows","properties":{"apiId":"/providers/Microsoft.PowerApps/apis/shared_logicflows","displayName":"Dataverse","definition":{"metadata":{"workflowEntityId":null,"processAdvisorMetadata":null,"flowChargedByPaygo":null,"flowclientsuspensionreason":"None","flowclientsuspensiontime":null,"flowclientsuspensionreasondetails":null,"creator":{"id":"8aa2e849-a140-45ab-9d60-4c1e2aa417b3","type":"User","tenantId":"cdb7dfd3-ce82-4390-a0cf-e4ff74cbaf74"},"provisioningMethod":"FromDefinition","failureAlertSubscription":true,"clientLastModifiedTime":"2024-08-21T05:15:27.334393Z","connectionKeySavedTimeKey":"2024-08-21T05:15:27.334393Z"},"$schema":"https://schema.management.azure.com/providers/Microsoft.Logic/schemas/2016-06-01/workflowdefinition.json#","contentVersion":"1.0.0.0","parameters":{"$authentication":{"defaultValue":{},"type":"SecureObject"},"$connections":{"defaultValue":{},"type":"Object"}},"triggers":{"When_a_row_is_added,_modified_or_deleted":{"type":"OpenApiConnectionWebhook","inputs":{"parameters":{"subscriptionRequest/message":1,"subscriptionRequest/entityname":"crbad_expense","subscriptionRequest/scope":4},"host":{"apiId":"/providers/Microsoft.PowerApps/apis/shared_commondataserviceforapps","connectionName":"shared_commondataserviceforapps","operationId":"SubscribeWebhookTrigger"},"authentication":"@parameters('$authentication')"}}},"actions":{"Send_an_email_notification_(V3)":{"runAfter":{},"type":"OpenApiConnection","inputs":{"parameters":{"request/to":"deekshith@star-knowledge.org","request/subject":"Dataverse row changed","request/text":"<p class=\"editor-paragraph\">@{triggerBody()?['crbad_description']}</p><p class=\"editor-paragraph\">Expense: @{triggerBody()?['crbad_expensevalue']}</p><p class=\"editor-paragraph\">Date: @{triggerBody()?['crbad_dateofexpense']}</p>"},"host":{"apiId":"/providers/Microsoft.PowerApps/apis/shared_sendmail","connectionName":"shared_sendmail","operationId":"SendEmailV3"},"authentication":"@parameters('$authentication')"}}},"outputs":{}},"connectionReferences":{"shared_commondataserviceforapps":{"connectionName":"shared-commondataser-d745025f-d88e-40e3-abb2-afcb800994c8","source":"Embedded","id":"/providers/Microsoft.PowerApps/apis/shared_commondataserviceforapps","tier":"NotSpecified"},"shared_sendmail":{"connectionName":"shared-sendmail-dc873243-204e-4b9a-afbf-f92748576c37","source":"Embedded","id":"/providers/Microsoft.PowerApps/apis/shared_sendmail","tier":"NotSpecified"}},"flowFailureAlertSubscribed":false,"isManaged":false}}