{"name":"de13eac9-52f1-4fbf-9df5-78b737c0ff52","id":"/providers/Microsoft.Flow/flows/de13eac9-52f1-4fbf-9df5-78b737c0ff52","type":"Microsoft.Flow/flows","properties":{"apiId":"/providers/Microsoft.PowerApps/apis/shared_logicflows","displayName":"Cities","definition":{"metadata":{"workflowEntityId":null,"processAdvisorMetadata":null,"flowChargedByPaygo":null,"flowclientsuspensionreason":"None","flowclientsuspensiontime":null,"flowclientsuspensionreasondetails":null,"creator":{"id":"8aa2e849-a140-45ab-9d60-4c1e2aa417b3","type":"User","tenantId":"cdb7dfd3-ce82-4390-a0cf-e4ff74cbaf74"},"provisioningMethod":"FromDefinition","failureAlertSubscription":true,"clientLastModifiedTime":"2024-08-21T06:36:22.6639412Z","connectionKeySavedTimeKey":"2024-08-21T06:36:22.6639412Z"},"$schema":"https://schema.management.azure.com/providers/Microsoft.Logic/schemas/2016-06-01/workflowdefinition.json#","contentVersion":"undefined","parameters":{"$authentication":{"defaultValue":{},"type":"SecureObject"},"$connections":{"defaultValue":{},"type":"Object"}},"triggers":{"manual":{"type":"Request","kind":"Button","inputs":{"schema":{"type":"object","properties":{},"required":[]}}}},"actions":{"List_rows_(legacy)":{"runAfter":{"Initialize_variable_1":["Succeeded"]},"type":"OpenApiConnection","inputs":{"parameters":{"dataset":"https://orgeb0f302c.crm8.dynamics.com","table":"accounts"},"host":{"apiId":"/providers/Microsoft.PowerApps/apis/shared_commondataservice","connectionName":"shared_commondataservice","operationId":"GetItems_V2"},"authentication":{"value":"@json(decodeBase64(triggerOutputs().headers['X-MS-APIM-Tokens']))['$ConnectionKey']","type":"Raw"}}},"Apply_to_each":{"foreach":"@outputs('List_rows_(legacy)')?['body/value']","actions":{"Condition":{"actions":{"Increment_variable":{"type":"IncrementVariable","inputs":{"name":"Redmond","value":1}}},"else":{"actions":{"Append_to_string_variable":{"type":"AppendToStringVariable","inputs":{"name":"Cities","value":"@item()?['address1_city']"}}}},"expression":{"and":[{"equals":["@item()?['address1_city']","Redmond"]}]},"type":"If"}},"runAfter":{"List_rows_(legacy)":["Succeeded"]},"type":"Foreach"},"Initialize_variable":{"runAfter":{},"type":"InitializeVariable","inputs":{"variables":[{"name":"Redmond","type":"integer","value":0}]}},"Initialize_variable_1":{"runAfter":{"Initialize_variable":["Succeeded"]},"type":"InitializeVariable","inputs":{"variables":[{"name":"Cities","type":"string"}]}},"Send_me_a_mobile_notification":{"runAfter":{"Apply_to_each":["Succeeded"]},"type":"OpenApiConnection","inputs":{"parameters":{"NotificationDefinition/notificationText":"Redmond Count: @{variables('Redmond')}\nOther cities: @{variables('Cities')}"},"host":{"apiId":"/providers/Microsoft.PowerApps/apis/shared_flowpush","connectionName":"shared_flowpush","operationId":"SendNotification"},"authentication":{"value":"@json(decodeBase64(triggerOutputs().headers['X-MS-APIM-Tokens']))['$ConnectionKey']","type":"Raw"}}}}},"connectionReferences":{"shared_commondataservice":{"connectionName":"5c00ebb853f84dcbabf2a44d8b0b93e2","source":"Invoker","id":"/providers/Microsoft.PowerApps/apis/shared_commondataservice","tier":"NotSpecified"},"shared_flowpush":{"connectionName":"shared-flowpush-3b16d5da-c97f-487c-851e-a5e04f5d1642","source":"Invoker","id":"/providers/Microsoft.PowerApps/apis/shared_flowpush","tier":"NotSpecified"}},"flowFailureAlertSubscribed":false,"isManaged":false}}