{"name":"f70e73d4-20f1-4fb3-b78f-1122c0e2404b","id":"/providers/Microsoft.Flow/flows/f70e73d4-20f1-4fb3-b78f-1122c0e2404b","type":"Microsoft.Flow/flows","properties":{"apiId":"/providers/Microsoft.PowerApps/apis/shared_logicflows","displayName":"Click a button to email a note","definition":{"metadata":{"workflowEntityId":null,"processAdvisorMetadata":null,"flowChargedByPaygo":null,"flowclientsuspensionreason":"None","flowclientsuspensiontime":null,"flowclientsuspensionreasondetails":null,"creator":{"id":"8aa2e849-a140-45ab-9d60-4c1e2aa417b3","type":"User","tenantId":"cdb7dfd3-ce82-4390-a0cf-e4ff74cbaf74"},"provisioningMethod":"FromDefinition","failureAlertSubscription":true,"clientLastModifiedTime":"2024-08-22T13:30:04.59115Z","connectionKeySavedTimeKey":"2024-08-22T13:30:04.59115Z"},"$schema":"https://schema.management.azure.com/providers/Microsoft.Logic/schemas/2016-06-01/workflowdefinition.json#","contentVersion":"1.0.0.0","parameters":{"$connections":{"defaultValue":{},"type":"Object"},"$authentication":{"defaultValue":{},"type":"SecureObject"}},"triggers":{"manual":{"metadata":{"operationMetadataId":"1f6f420f-48aa-4c4f-bc3a-ea94ba998842"},"type":"Request","kind":"Button","inputs":{"schema":{"type":"object","properties":{"text":{"type":"string","x-ms-dynamically-added":true,"description":"Please enter email subject:","title":"Email Subject","x-ms-content-hint":"TEXT"},"text_1":{"type":"string","x-ms-dynamically-added":true,"description":"Please enter email body:","title":"Email Body","x-ms-content-hint":"TEXT"}},"required":["text","text_1"]},"headersSchema":{"x-ms-user-name-encoded":{"type":"string","title":"User name","format":"byte"},"x-ms-user-email-encoded":{"type":"string","title":"User email","format":"byte"},"x-ms-user-timestamp":{"type":"string","title":"Timestamp"}}}}},"actions":{"Send_email":{"runAfter":{},"metadata":{"operationMetadataId":"9dce51c5-4c3e-4d75-92c9-141e9306ca69"},"type":"OpenApiConnection","inputs":{"host":{"apiId":"/providers/Microsoft.PowerApps/apis/shared_sendmail","connectionName":"shared_sendmail","operationId":"SendEmail"},"parameters":{"request/to":"deekshithgd001@gmail.com","request/subject":"@triggerOutputs()?['body/text']","request/text":"@triggerOutputs()?['body/text_1']","request/ishtml":true},"authentication":{"value":"@json(decodeBase64(triggerOutputs().headers['X-MS-APIM-Tokens']))['$ConnectionKey']","type":"Raw"}}}},"description":"Click a button to send a note by email."},"connectionReferences":{"shared_sendmail":{"connectionName":"shared-sendmail-2053a1e1-58de-4dcd-b5af-924a0779eb17","source":"Invoker","id":"/providers/Microsoft.PowerApps/apis/shared_sendmail","tier":"NotSpecified"}},"flowFailureAlertSubscribed":false,"isManaged":false}}