{"name":"1d53cfe0-9553-44d0-acd3-dffcd210e56f","id":"/providers/Microsoft.Flow/flows/1d53cfe0-9553-44d0-acd3-dffcd210e56f","type":"Microsoft.Flow/flows","properties":{"apiId":"/providers/Microsoft.PowerApps/apis/shared_logicflows","displayName":"EmaillApprovalFlow","definition":{"metadata":{"workflowEntityId":null,"processAdvisorMetadata":null,"flowChargedByPaygo":null,"flowclientsuspensionreason":"None","flowclientsuspensiontime":null,"flowclientsuspensionreasondetails":null,"creator":{"id":"8aa2e849-a140-45ab-9d60-4c1e2aa417b3","type":"User","tenantId":"cdb7dfd3-ce82-4390-a0cf-e4ff74cbaf74"},"provisioningMethod":"FromDefinition","failureAlertSubscription":true,"clientLastModifiedTime":"2024-08-21T07:17:43.3113182Z","connectionKeySavedTimeKey":"2024-08-21T07:17:43.3113182Z"},"$schema":"https://schema.management.azure.com/providers/Microsoft.Logic/schemas/2016-06-01/workflowdefinition.json#","contentVersion":"undefined","parameters":{"$authentication":{"defaultValue":{},"type":"SecureObject"},"$connections":{"defaultValue":{},"type":"Object"}},"triggers":{"manual":{"type":"Request","kind":"Button","inputs":{"schema":{"type":"object","properties":{},"required":[]}}}},"actions":{"Start_and_wait_for_an_approval":{"runAfter":{},"type":"OpenApiConnectionWebhook","inputs":{"parameters":{"approvalType":"CustomResponse","WebhookApprovalCreationInput/responseOptions":["Yes, please","No, thank you","Ask somebody else"],"WebhookApprovalCreationInput/title":"Vacation/Leave/Holiday","WebhookApprovalCreationInput/assignedTo":"Akash.s@star-knowledge.org","WebhookApprovalCreationInput/details":"I want to go on holiday/vacation/leave for two weeks.","WebhookApprovalCreationInput/enableNotifications":true,"WebhookApprovalCreationInput/enableReassignment":true},"host":{"apiId":"/providers/Microsoft.PowerApps/apis/shared_approvals","connectionName":"shared_approvals","operationId":"StartAndWaitForAnApproval"},"authentication":{"value":"@json(decodeBase64(triggerOutputs().headers['X-MS-APIM-Tokens']))['$ConnectionKey']","type":"Raw"}}},"For_each":{"foreach":"@outputs('Start_and_wait_for_an_approval')?['body']?['responses']","actions":{"Send_an_email_notification_(V3)":{"type":"OpenApiConnection","inputs":{"parameters":{"request/to":"deekshith@star-knowledge.org","request/subject":"Outcome of leave request","request/text":"<p class=\"editor-paragraph\">Your leave request has been responded to as follows:</p><p class=\"editor-paragraph\">@{body('Start_and_wait_for_an_approval')?['outcome']}</p><p class=\"editor-paragraph\"></p><br><p class=\"editor-paragraph\">Comments: @{item()?['comments']}</p>"},"host":{"apiId":"/providers/Microsoft.PowerApps/apis/shared_sendmail","connectionName":"shared_sendmail","operationId":"SendEmailV3"},"authentication":{"value":"@json(decodeBase64(triggerOutputs().headers['X-MS-APIM-Tokens']))['$ConnectionKey']","type":"Raw"}}}},"runAfter":{"Start_and_wait_for_an_approval":["Succeeded"]},"type":"Foreach"},"Post_message_in_a_chat_or_channel":{"runAfter":{"For_each":["Succeeded"]},"type":"OpenApiConnection","inputs":{"parameters":{"poster":"Flow bot","location":"Channel","body/recipient/groupId":"39121b98-5f9f-4f00-9da0-410bfb326c97","body/recipient/channelId":"19:xM0pJBWLtmbSuMG1Eg4kVTXdTO6GyB-YKnaBOaE5qAw1@thread.tacv2","body/messageBody":"<p class=\"editor-paragraph\">Here is the results of the approval flow: @{body('Start_and_wait_for_an_approval')?['outcome']}</p>"},"host":{"apiId":"/providers/Microsoft.PowerApps/apis/shared_teams","connectionName":"shared_teams","operationId":"PostMessageToConversation"},"authentication":{"value":"@json(decodeBase64(triggerOutputs().headers['X-MS-APIM-Tokens']))['$ConnectionKey']","type":"Raw"}}}}},"connectionReferences":{"shared_approvals":{"connectionName":"shared-approvals-af21764b-d44f-48de-a5fb-8854891b165f","source":"Invoker","id":"/providers/Microsoft.PowerApps/apis/shared_approvals","tier":"NotSpecified"},"shared_sendmail":{"connectionName":"shared-sendmail-dc873243-204e-4b9a-afbf-f92748576c37","source":"Invoker","id":"/providers/Microsoft.PowerApps/apis/shared_sendmail","tier":"NotSpecified"},"shared_teams":{"connectionName":"shared-teams-da9f988d-6499-4128-bbd1-744e5a3a9b32","source":"Invoker","id":"/providers/Microsoft.PowerApps/apis/shared_teams","tier":"NotSpecified"}},"flowFailureAlertSubscribed":false,"isManaged":false}}