{"name":"39485647-3dc6-4dab-9738-fd6477541cca","id":"/providers/Microsoft.Flow/flows/39485647-3dc6-4dab-9738-fd6477541cca","type":"Microsoft.Flow/flows","properties":{"apiId":"/providers/Microsoft.PowerApps/apis/shared_logicflows","displayName":"PowerAppV2 -> AutomateCanvas","definition":{"metadata":{"workflowEntityId":null,"processAdvisorMetadata":null,"flowChargedByPaygo":null,"flowclientsuspensionreason":"None","flowclientsuspensiontime":null,"flowclientsuspensionreasondetails":null,"creator":{"id":"8aa2e849-a140-45ab-9d60-4c1e2aa417b3","type":"User","tenantId":"cdb7dfd3-ce82-4390-a0cf-e4ff74cbaf74"},"provisioningMethod":"FromDefinition","failureAlertSubscription":true,"clientLastModifiedTime":"2024-08-21T11:32:40.9065837Z","connectionKeySavedTimeKey":"2024-08-21T11:32:40.9065837Z"},"$schema":"https://schema.management.azure.com/providers/Microsoft.Logic/schemas/2016-06-01/workflowdefinition.json#","contentVersion":"1.0.0.0","parameters":{"$authentication":{"defaultValue":{},"type":"SecureObject"}},"triggers":{"manual":{"metadata":{"operationMetadataId":"90fe0506-261b-4f19-9128-fb0d646b4e74"},"type":"Request","kind":"PowerAppV2","inputs":{"schema":{"type":"object","properties":{"text":{"title":"InputEmail","type":"string","x-ms-dynamically-added":true,"description":"\"\"","x-ms-content-hint":"TEXT"}},"required":["text"]}}}},"actions":{"Respond_to_a_Power_App_or_flow":{"runAfter":{"Initialize_variable":["Succeeded"]},"metadata":{"operationMetadataId":"5f1c3d6b-ca65-48d0-a707-cbe90e521434"},"type":"Response","kind":"PowerApp","inputs":{"statusCode":200,"body":{"varoutput":"@variables('VarString')"},"schema":{"type":"object","properties":{"varoutput":{"title":"VarOutput","x-ms-dynamically-added":true,"type":"string"}}}}},"Initialize_variable":{"runAfter":{},"metadata":{"operationMetadataId":"d46b35b5-dcb1-444c-bc31-789333195d4d"},"type":"InitializeVariable","inputs":{"variables":[{"name":"VarString","type":"string","value":"The Email address is: @{triggerBody()['text']}"}]}}}},"connectionReferences":{},"flowFailureAlertSubscribed":false,"isManaged":false}}