{"name":"8b91add0-9401-4bc0-ac6a-96cbf1aab729","id":"/providers/Microsoft.Flow/flows/8b91add0-9401-4bc0-ac6a-96cbf1aab729","type":"Microsoft.Flow/flows","properties":{"apiId":"/providers/Microsoft.PowerApps/apis/shared_logicflows","displayName":"Button -> Delay","definition":{"metadata":{"workflowEntityId":null,"processAdvisorMetadata":null,"flowChargedByPaygo":null,"flowclientsuspensionreason":"None","flowclientsuspensiontime":null,"flowclientsuspensionreasondetails":null,"creator":{"id":"8aa2e849-a140-45ab-9d60-4c1e2aa417b3","type":"User","tenantId":"cdb7dfd3-ce82-4390-a0cf-e4ff74cbaf74"},"provisioningMethod":"FromDefinition","failureAlertSubscription":true,"clientLastModifiedTime":"2024-08-22T07:26:28.7950406Z","connectionKeySavedTimeKey":"2024-08-22T07:26:28.7950406Z"},"$schema":"https://schema.management.azure.com/providers/Microsoft.Logic/schemas/2016-06-01/workflowdefinition.json#","contentVersion":"1.0.0.0","parameters":{"$authentication":{"defaultValue":{},"type":"SecureObject"},"$connections":{"defaultValue":{},"type":"Object"}},"triggers":{"manual":{"metadata":{"operationMetadataId":"f40b5bb3-837d-42af-975f-c949fae21949"},"type":"Request","kind":"Button","inputs":{"schema":{"type":"object","properties":{"text":{"description":"Please enter your first name ","title":"First Name","type":"string","x-ms-content-hint":"TEXT","x-ms-dynamically-added":true},"text_1":{"description":"Please enter your last name","title":"Last Name","type":"string","x-ms-content-hint":"TEXT","x-ms-dynamically-added":true},"number":{"description":"Please enter a badge number","title":"Employee Number","type":"number","x-ms-content-hint":"NUMBER","x-ms-dynamically-added":true},"email":{"description":"Enter an your work email address.","format":"email","title":"Email","type":"string","x-ms-content-hint":"EMAIL","x-ms-dynamically-added":true},"date":{"description":"Please enter the date of error occurrence","format":"date","title":"Issue date","type":"string","x-ms-content-hint":"DATE","x-ms-dynamically-added":true},"text_2":{"description":"Please enter the type of issue","title":"Issue type","type":"string","x-ms-content-hint":"TEXT","x-ms-dynamically-added":true,"enum":["Software Issue","Hardware Issue","Other Issue"]},"boolean":{"description":"Is this an urgent issue?","title":"Urgent Issue","type":"boolean","x-ms-content-hint":"BOOLEAN","x-ms-dynamically-added":true},"file":{"description":"Please post the image of the error","title":"Image","type":"object","properties":{"name":{"type":"string"},"contentBytes":{"type":"string","format":"byte"}},"x-ms-content-hint":"FILE","x-ms-dynamically-added":true}},"required":["text","text_1","number","email","date","text_2","boolean","file"]}}}},"actions":{"Delay":{"runAfter":{"Create_a_card":["Succeeded"]},"metadata":{"operationMetadataId":"c8156cee-5378-4ae6-b636-5d60a814a814"},"type":"Wait","inputs":{"interval":{"count":1,"unit":"Minute"}}},"Create_a_card":{"runAfter":{},"type":"OpenApiConnection","inputs":{"parameters":{"board_id":"66c6e63d7d308b9c1545f0c9","newCard/idList":"66c6e649de73cfe4497932e9","newCard/name":"@concat(triggerBody()?['text'], ' ', triggerBody()?['text_1'])","newCard/urlSource":"null","newCard/desc":"@concat(triggerBody()?['text_2'], ' ', triggerBody()?['date'], ' ', triggerBody()?['number'], ' ', triggerBody()?['email'])"},"host":{"apiId":"/providers/Microsoft.PowerApps/apis/shared_trello","connectionName":"shared_trello","operationId":"CreateCard_V2"},"authentication":{"value":"@json(decodeBase64(triggerOutputs().headers['X-MS-APIM-Tokens']))['$ConnectionKey']","type":"Raw"}}}},"outputs":{}},"connectionReferences":{"shared_trello":{"connectionName":"shared-trello-75ec8c68-d4f6-49ae-99bd-42d68e4bcc9b","source":"Invoker","id":"/providers/Microsoft.PowerApps/apis/shared_trello","tier":"NotSpecified"}},"flowFailureAlertSubscribed":false,"isManaged":false}}