{"name":"847f9d01-d041-4746-aefc-f4fa73dd63e8","id":"/providers/Microsoft.Flow/flows/847f9d01-d041-4746-aefc-f4fa73dd63e8","type":"Microsoft.Flow/flows","properties":{"apiId":"/providers/Microsoft.PowerApps/apis/shared_logicflows","displayName":"ConcatAndReplace","definition":{"metadata":{"workflowEntityId":null,"processAdvisorMetadata":null,"flowChargedByPaygo":null,"flowclientsuspensionreason":"None","flowclientsuspensiontime":null,"flowclientsuspensionreasondetails":null,"creator":{"id":"8aa2e849-a140-45ab-9d60-4c1e2aa417b3","type":"User","tenantId":"cdb7dfd3-ce82-4390-a0cf-e4ff74cbaf74"},"provisioningMethod":"FromDefinition","failureAlertSubscription":true,"clientLastModifiedTime":"2024-08-23T12:23:17.9821685Z","connectionKeySavedTimeKey":"2024-08-23T12:23:17.9821685Z"},"$schema":"https://schema.management.azure.com/providers/Microsoft.Logic/schemas/2016-06-01/workflowdefinition.json#","contentVersion":"undefined","parameters":{"$authentication":{"defaultValue":{},"type":"SecureObject"},"$connections":{"defaultValue":{},"type":"Object"}},"triggers":{"manual":{"metadata":{"operationMetadataId":"837e7c8d-259a-4765-a297-55122639a29d"},"type":"Request","kind":"Button","inputs":{"schema":{"type":"object","properties":{"text":{"description":"Please enter your First name","title":"Input","type":"string","x-ms-content-hint":"TEXT","x-ms-dynamically-added":true},"text_1":{"description":"Please enter your Last name","title":"Input 1","type":"string","x-ms-content-hint":"TEXT","x-ms-dynamically-added":true},"date":{"description":"Please enter or select a date (YYYY-MM-DD)","format":"date","title":"Trigger date","type":"string","x-ms-content-hint":"DATE","x-ms-dynamically-added":true},"email":{"description":"Enter an email address.","format":"email","title":"Email","type":"string","x-ms-content-hint":"EMAIL","x-ms-dynamically-added":true}},"required":["text","text_1","date","email"]}}}},"actions":{"Post_message_(V2)":{"runAfter":{},"metadata":{"operationMetadataId":"d38ea277-a8e2-4781-9341-9ba49023d1df"},"type":"OpenApiConnection","inputs":{"parameters":{"message/channel":"C07J0CZ79DH","message/text":"Concatenation result: @{concat(triggerBody()?['text'], ' ', triggerBody()?['text_1'], ' triggered date: ', triggerBody()?['date'])}"},"host":{"apiId":"/providers/Microsoft.PowerApps/apis/shared_slack","connectionName":"shared_slack","operationId":"PostMessage_V2"},"authentication":{"value":"@json(decodeBase64(triggerOutputs().headers['X-MS-APIM-Tokens']))['$ConnectionKey']","type":"Raw"}}},"Post_message_(V2)_1":{"runAfter":{"Post_message_(V2)":["Succeeded"]},"metadata":{"operationMetadataId":"af11cd74-d0ba-4e37-80ab-2765803001a5"},"type":"OpenApiConnection","inputs":{"parameters":{"message/channel":"C07J0CZ79DH","message/text":"Replace result: @{replace(concat(triggerBody()?['text'], ' ', triggerBody()?['text_1'], ' triggered date: ', triggerBody()?['date']), triggerBody()?['text_1'], '---')}"},"host":{"apiId":"/providers/Microsoft.PowerApps/apis/shared_slack","connectionName":"shared_slack","operationId":"PostMessage_V2"},"authentication":{"value":"@json(decodeBase64(triggerOutputs().headers['X-MS-APIM-Tokens']))['$ConnectionKey']","type":"Raw"}}},"Post_message_(V2)_2":{"runAfter":{"Post_message_(V2)_1":["Succeeded"]},"metadata":{"operationMetadataId":"a4fe1811-bd4c-4060-a1ba-84ef769ccfb1"},"type":"OpenApiConnection","inputs":{"parameters":{"message/channel":"C07J0CZ79DH","message/text":"@substring(triggerBody()?['email'], 0, indexOf(triggerBody()?['email'], '@'))"},"host":{"apiId":"/providers/Microsoft.PowerApps/apis/shared_slack","connectionName":"shared_slack","operationId":"PostMessage_V2"},"authentication":{"value":"@json(decodeBase64(triggerOutputs().headers['X-MS-APIM-Tokens']))['$ConnectionKey']","type":"Raw"}}}}},"connectionReferences":{"shared_slack":{"connectionName":"shared-slack-d86d6552-dee6-4023-b380-5b5fe640e4a5","source":"Invoker","id":"/providers/Microsoft.PowerApps/apis/shared_slack","tier":"NotSpecified"}},"flowFailureAlertSubscribed":false,"isManaged":false}}