{"name":"e094df03-649e-4eac-996b-b54eb42cb3e9","id":"/providers/Microsoft.Flow/flows/e094df03-649e-4eac-996b-b54eb42cb3e9","type":"Microsoft.Flow/flows","properties":{"apiId":"/providers/Microsoft.PowerApps/apis/shared_logicflows","displayName":"PowerAppV2 -> Create a card","definition":{"metadata":{"workflowEntityId":null,"processAdvisorMetadata":null,"flowChargedByPaygo":null,"flowclientsuspensionreason":"None","flowclientsuspensiontime":null,"flowclientsuspensionreasondetails":null,"creator":{"id":"8aa2e849-a140-45ab-9d60-4c1e2aa417b3","type":"User","tenantId":"cdb7dfd3-ce82-4390-a0cf-e4ff74cbaf74"},"provisioningMethod":"FromDefinition","failureAlertSubscription":true,"clientLastModifiedTime":"2024-08-22T09:29:02.5116533Z","connectionKeySavedTimeKey":"2024-08-22T09:29:02.5116533Z"},"$schema":"https://schema.management.azure.com/providers/Microsoft.Logic/schemas/2016-06-01/workflowdefinition.json#","contentVersion":"1.0.0.0","parameters":{"$authentication":{"defaultValue":{},"type":"SecureObject"},"$connections":{"defaultValue":{},"type":"Object"}},"triggers":{"manual":{"metadata":{"operationMetadataId":"7c5bf004-e028-49ab-b133-7a636f054b8e"},"type":"Request","kind":"PowerAppV2","inputs":{"schema":{"type":"object","properties":{"text":{"title":"Input","type":"string","x-ms-dynamically-added":true,"description":"Please enter your input","x-ms-content-hint":"TEXT"},"text_1":{"title":"Input 1","type":"string","x-ms-dynamically-added":true,"description":"Please enter your input","x-ms-content-hint":"TEXT"}},"required":["text","text_1"]}}}},"actions":{"Create_a_card":{"runAfter":{},"metadata":{"operationMetadataId":"0f2bd99e-e734-441f-b867-bca6f367f9e0"},"type":"OpenApiConnection","inputs":{"parameters":{"board_id":"66c6e63d7d308b9c1545f0c9","newCard/idList":"66c6e649de73cfe4497932e9","newCard/name":"@triggerBody()['text']","newCard/urlSource":"null","newCard/desc":"@triggerBody()['text_1']"},"host":{"apiId":"/providers/Microsoft.PowerApps/apis/shared_trello","connectionName":"shared_trello","operationId":"CreateCard_V2"},"authentication":{"value":"@json(decodeBase64(triggerOutputs().headers['X-MS-APIM-Tokens']))['$ConnectionKey']","type":"Raw"}}},"Post_message_(V2)":{"runAfter":{"Create_a_card":["Succeeded"]},"metadata":{"operationMetadataId":"48dc629e-395b-46e9-b598-07e25aff2018"},"type":"OpenApiConnection","inputs":{"parameters":{"message/channel":"C07J0FUB19Q","message/text":"Issue Description: @{triggerBody()?['text_1']}"},"host":{"apiId":"/providers/Microsoft.PowerApps/apis/shared_slack","connectionName":"shared_slack","operationId":"PostMessage_V2"},"authentication":{"value":"@json(decodeBase64(triggerOutputs().headers['X-MS-APIM-Tokens']))['$ConnectionKey']","type":"Raw"}}}}},"connectionReferences":{"shared_trello":{"connectionName":"shared-trello-75ec8c68-d4f6-49ae-99bd-42d68e4bcc9b","source":"Invoker","id":"/providers/Microsoft.PowerApps/apis/shared_trello","tier":"NotSpecified"},"shared_slack":{"connectionName":"shared-slack-d86d6552-dee6-4023-b380-5b5fe640e4a5","source":"Invoker","id":"/providers/Microsoft.PowerApps/apis/shared_slack","tier":"NotSpecified"}},"flowFailureAlertSubscribed":false,"isManaged":false}}