{"name":"5dc19666-2f05-4822-b279-b4d93985c407","id":"/providers/Microsoft.Flow/flows/5dc19666-2f05-4822-b279-b4d93985c407","type":"Microsoft.Flow/flows","properties":{"apiId":"/providers/Microsoft.PowerApps/apis/shared_logicflows","displayName":"Button Tokens","definition":{"metadata":{"workflowEntityId":null,"processAdvisorMetadata":null,"flowChargedByPaygo":null,"flowclientsuspensionreason":"None","flowclientsuspensiontime":null,"flowclientsuspensionreasondetails":null,"creator":{"id":"8aa2e849-a140-45ab-9d60-4c1e2aa417b3","type":"User","tenantId":"cdb7dfd3-ce82-4390-a0cf-e4ff74cbaf74"},"provisioningMethod":"FromDefinition","failureAlertSubscription":true,"clientLastModifiedTime":"2024-08-23T09:43:46.2677392Z","connectionKeySavedTimeKey":"2024-08-23T09:43:46.2677392Z"},"$schema":"https://schema.management.azure.com/providers/Microsoft.Logic/schemas/2016-06-01/workflowdefinition.json#","contentVersion":"undefined","parameters":{"$authentication":{"defaultValue":{},"type":"SecureObject"},"$connections":{"defaultValue":{},"type":"Object"}},"triggers":{"manual":{"type":"Request","kind":"Button","inputs":{"schema":{"type":"object","properties":{},"required":[]}}}},"actions":{"Post_message_(V2)":{"runAfter":{},"type":"OpenApiConnection","inputs":{"parameters":{"message/channel":"C07J0CZ79DH","message/text":"@{triggerOutputs()?['headers']?['x-ms-user-name-encoded']}  @{triggerOutputs()?['headers']?['x-ms-user-email-encoded']}  @{triggerOutputs()?['headers']?['x-ms-user-timestamp']}"},"host":{"apiId":"/providers/Microsoft.PowerApps/apis/shared_slack","connectionName":"shared_slack","operationId":"PostMessage_V2"},"authentication":{"value":"@json(decodeBase64(triggerOutputs().headers['X-MS-APIM-Tokens']))['$ConnectionKey']","type":"Raw"}}}}},"connectionReferences":{"shared_slack":{"connectionName":"shared-slack-d86d6552-dee6-4023-b380-5b5fe640e4a5","source":"Invoker","id":"/providers/Microsoft.PowerApps/apis/shared_slack","tier":"NotSpecified"}},"flowFailureAlertSubscribed":false,"isManaged":false}}