{"name":"d4b18fcb-5eeb-4af3-ad40-96528d01fb3d","id":"/providers/Microsoft.Flow/flows/d4b18fcb-5eeb-4af3-ad40-96528d01fb3d","type":"Microsoft.Flow/flows","properties":{"apiId":"/providers/Microsoft.PowerApps/apis/shared_logicflows","displayName":"Terminate Action - Advanced Built-In Connector","definition":{"metadata":{"workflowEntityId":null,"processAdvisorMetadata":null,"flowChargedByPaygo":null,"flowclientsuspensionreason":"None","flowclientsuspensiontime":null,"flowclientsuspensionreasondetails":null,"creator":{"id":"8aa2e849-a140-45ab-9d60-4c1e2aa417b3","type":"User","tenantId":"cdb7dfd3-ce82-4390-a0cf-e4ff74cbaf74"},"provisioningMethod":"FromDefinition","failureAlertSubscription":true,"clientLastModifiedTime":"2024-08-23T03:20:57.7187259Z","connectionKeySavedTimeKey":"2024-08-23T03:20:57.7187259Z"},"$schema":"https://schema.management.azure.com/providers/Microsoft.Logic/schemas/2016-06-01/workflowdefinition.json#","contentVersion":"1.0.0.0","parameters":{"$authentication":{"defaultValue":{},"type":"SecureObject"},"$connections":{"defaultValue":{},"type":"Object"}},"triggers":{"manual":{"metadata":{"operationMetadataId":"771a358c-18a0-4a7e-8638-0fcd5cd9a89a"},"type":"Request","kind":"Button","inputs":{"schema":{"type":"object","properties":{"text":{"title":"Delivery method","type":"string","x-ms-dynamically-added":true,"description":"Please enter your deliverry method","x-ms-content-hint":"TEXT"},"text_1":{"title":"Message","type":"string","x-ms-dynamically-added":true,"description":"Please enter your message","x-ms-content-hint":"TEXT"}},"required":["text","text_1"]}}}},"actions":{"Switch":{"runAfter":{},"cases":{"Case":{"case":"Email","actions":{"Send_an_email_notification_(V3)":{"metadata":{"operationMetadataId":"a989a846-ac95-4848-a82a-08546d8cc4bb"},"type":"OpenApiConnection","inputs":{"parameters":{"request/to":"Deekshith@star-knowledge.org;","request/subject":"@triggerBody()['text_1']","request/text":"<p>@{triggerBody()['text_1']}</p>"},"host":{"apiId":"/providers/Microsoft.PowerApps/apis/shared_sendmail","connectionName":"shared_sendmail","operationId":"SendEmailV3"},"authentication":{"value":"@json(decodeBase64(triggerOutputs().headers['X-MS-APIM-Tokens']))['$ConnectionKey']","type":"Raw"}}}}},"Case_2":{"case":"Slack","actions":{"Post_message_(V2)":{"metadata":{"operationMetadataId":"0bdde93c-7495-4baa-8cef-b599cdba0115"},"type":"OpenApiConnection","inputs":{"parameters":{"message/channel":"C07J0FUB19Q","message/text":"@triggerBody()['text_1']"},"host":{"apiId":"/providers/Microsoft.PowerApps/apis/shared_slack","connectionName":"shared_slack","operationId":"PostMessage_V2"},"authentication":{"value":"@json(decodeBase64(triggerOutputs().headers['X-MS-APIM-Tokens']))['$ConnectionKey']","type":"Raw"}}}}},"Case_3":{"case":"Trello","actions":{"Create_a_card":{"metadata":{"operationMetadataId":"4c60032b-f5ab-4cee-a540-f8d240589e34"},"type":"OpenApiConnection","inputs":{"parameters":{"board_id":"66c6e63d7d308b9c1545f0c9","newCard/idList":"66c6e63d7d308b9c1545f0d2","newCard/name":"@triggerBody()['text_1']","newCard/urlSource":"null","newCard/desc":"@triggerBody()['text_1']"},"host":{"apiId":"/providers/Microsoft.PowerApps/apis/shared_trello","connectionName":"shared_trello","operationId":"CreateCard_V2"},"authentication":{"value":"@json(decodeBase64(triggerOutputs().headers['X-MS-APIM-Tokens']))['$ConnectionKey']","type":"Raw"}}}}}},"default":{"actions":{"Terminate":{"type":"Terminate","inputs":{"runStatus":"Failed","runError":{"code":"1502","message":"You can choose either Mail, Slack or Trello only. Please choose from these three."}}}}},"expression":"@triggerBody()['text']","metadata":{"operationMetadataId":"d7afd8bb-8853-48b6-8921-21a6d0bb6835"},"type":"Switch"}}},"connectionReferences":{"shared_sendmail":{"connectionName":"shared-sendmail-2053a1e1-58de-4dcd-b5af-924a0779eb17","source":"Invoker","id":"/providers/Microsoft.PowerApps/apis/shared_sendmail","tier":"NotSpecified"},"shared_slack":{"connectionName":"shared-slack-d86d6552-dee6-4023-b380-5b5fe640e4a5","source":"Invoker","id":"/providers/Microsoft.PowerApps/apis/shared_slack","tier":"NotSpecified"},"shared_trello":{"connectionName":"shared-trello-75ec8c68-d4f6-49ae-99bd-42d68e4bcc9b","source":"Invoker","id":"/providers/Microsoft.PowerApps/apis/shared_trello","tier":"NotSpecified"}},"flowFailureAlertSubscribed":false,"isManaged":false}}