{"name":"d236e942-9ed9-440d-b2e9-97ee7abc8495","id":"/providers/Microsoft.Flow/flows/d236e942-9ed9-440d-b2e9-97ee7abc8495","type":"Microsoft.Flow/flows","properties":{"apiId":"/providers/Microsoft.PowerApps/apis/shared_logicflows","displayName":"WeatherFLow","definition":{"metadata":{"workflowEntityId":null,"processAdvisorMetadata":null,"flowChargedByPaygo":null,"flowclientsuspensionreason":"None","flowclientsuspensiontime":null,"flowclientsuspensionreasondetails":null,"creator":{"id":"8aa2e849-a140-45ab-9d60-4c1e2aa417b3","type":"User","tenantId":"cdb7dfd3-ce82-4390-a0cf-e4ff74cbaf74"},"provisioningMethod":"FromDefinition","failureAlertSubscription":true,"clientLastModifiedTime":"2024-08-26T13:14:31.9959728Z","connectionKeySavedTimeKey":"2024-08-26T13:14:31.9959728Z"},"$schema":"https://schema.management.azure.com/providers/Microsoft.Logic/schemas/2016-06-01/workflowdefinition.json#","contentVersion":"undefined","parameters":{"$authentication":{"defaultValue":{},"type":"SecureObject"},"$connections":{"defaultValue":{},"type":"Object"}},"triggers":{"manual":{"type":"Request","kind":"Button","inputs":{"schema":{"type":"object","properties":{"text":{"description":"Please enter the city for the weather","title":"City Name","type":"string","x-ms-content-hint":"TEXT","x-ms-dynamically-added":true}},"required":["text"]}}}},"actions":{"Run_a_flow_built_with_Power_Automate_for_desktop":{"runAfter":{},"type":"OpenApiConnection","inputs":{"parameters":{"uiFlowId":"015f6949-1392-4089-a82a-cdfa31af9d70","runMode":"attended","item/WeatherOfCityVar":"@triggerBody()?['text']"},"host":{"apiId":"/providers/Microsoft.PowerApps/apis/shared_uiflow","connectionName":"shared_uiflow","operationId":"RunUIFlow_V2"},"authentication":{"value":"@json(decodeBase64(triggerOutputs().headers['X-MS-APIM-Tokens']))['$ConnectionKey']","type":"Raw"}}},"Post_message_(V2)":{"runAfter":{"Run_a_flow_built_with_Power_Automate_for_desktop":["Succeeded"]},"type":"OpenApiConnection","inputs":{"parameters":{"message/channel":"C07HKV0JWQ7","message/text":"@concat('The weather of city, ', triggerBody()?['text'], ' is ', body('Run_a_flow_built_with_Power_Automate_for_desktop')?['WeatherInfoVar'])"},"host":{"apiId":"/providers/Microsoft.PowerApps/apis/shared_slack","connectionName":"shared_slack","operationId":"PostMessage_V2"},"authentication":{"value":"@json(decodeBase64(triggerOutputs().headers['X-MS-APIM-Tokens']))['$ConnectionKey']","type":"Raw"}}}}},"connectionReferences":{"shared_uiflow":{"connectionName":"shared-uiflow-3daa7141-3745-414e-8b57-16d74c7a7576","source":"Invoker","id":"/providers/Microsoft.PowerApps/apis/shared_uiflow","tier":"NotSpecified"},"shared_slack":{"connectionName":"shared-slack-d86d6552-dee6-4023-b380-5b5fe640e4a5","source":"Invoker","id":"/providers/Microsoft.PowerApps/apis/shared_slack","tier":"NotSpecified"}},"flowFailureAlertSubscribed":false,"isManaged":false}}