{"name":"b40a94ae-1af2-4cd9-8aa3-da939eb5706d","id":"/providers/Microsoft.Flow/flows/b40a94ae-1af2-4cd9-8aa3-da939eb5706d","type":"Microsoft.Flow/flows","properties":{"apiId":"/providers/Microsoft.PowerApps/apis/shared_logicflows","displayName":"CDS Entry Trigger Event","definition":{"metadata":{"workflowEntityId":null,"processAdvisorMetadata":null,"flowChargedByPaygo":null,"flowclientsuspensionreason":"None","flowclientsuspensiontime":null,"flowclientsuspensionreasondetails":"","creator":{"id":"8aa2e849-a140-45ab-9d60-4c1e2aa417b3","type":"User","tenantId":"cdb7dfd3-ce82-4390-a0cf-e4ff74cbaf74"},"provisioningMethod":"FromDefinition","failureAlertSubscription":true,"clientLastModifiedTime":"2024-08-27T03:37:22.7512018Z","connectionKeySavedTimeKey":"2024-08-27T03:32:53.0404974Z"},"$schema":"https://schema.management.azure.com/providers/Microsoft.Logic/schemas/2016-06-01/workflowdefinition.json#","contentVersion":"1.0.0.0","parameters":{"$authentication":{"defaultValue":{},"type":"SecureObject"},"$connections":{"defaultValue":{},"type":"Object"}},"triggers":{"When_a_row_is_added,_modified_or_deleted":{"type":"OpenApiConnectionWebhook","inputs":{"parameters":{"subscriptionRequest/message":1,"subscriptionRequest/entityname":"cr17b_newemployee","subscriptionRequest/scope":4},"host":{"apiId":"/providers/Microsoft.PowerApps/apis/shared_commondataserviceforapps","connectionName":"shared_commondataserviceforapps","operationId":"SubscribeWebhookTrigger"},"authentication":"@parameters('$authentication')"}}},"actions":{"Post_message_(V2)":{"runAfter":{},"type":"OpenApiConnection","inputs":{"parameters":{"message/channel":"C07J0FUB19Q","message/text":"@concat('We have a new employee added, ', triggerBody()?['cr17b_firstname'], ' ', triggerBody()?['cr17b_lastname'], ' will be reporting to ', triggerBody()?['cr17b_reportingmanager'])"},"host":{"apiId":"/providers/Microsoft.PowerApps/apis/shared_slack","connectionName":"shared_slack","operationId":"PostMessage_V2"},"authentication":"@parameters('$authentication')"}}},"outputs":{}},"connectionReferences":{"shared_commondataserviceforapps":{"connectionName":"shared-commondataser-dd35e128-a4b2-4f41-abb5-d03b9009ccdf","source":"Embedded","id":"/providers/Microsoft.PowerApps/apis/shared_commondataserviceforapps","tier":"NotSpecified"},"shared_slack":{"connectionName":"shared-slack-d86d6552-dee6-4023-b380-5b5fe640e4a5","source":"Embedded","id":"/providers/Microsoft.PowerApps/apis/shared_slack","tier":"NotSpecified"}},"flowFailureAlertSubscribed":false,"isManaged":false}}