{"name":"b886f7d3-c72c-48a5-a17c-f99e9b43998c","id":"/providers/Microsoft.Flow/flows/b886f7d3-c72c-48a5-a17c-f99e9b43998c","type":"Microsoft.Flow/flows","properties":{"apiId":"/providers/Microsoft.PowerApps/apis/shared_logicflows","displayName":"Advanced Built-In Connector Demo","definition":{"metadata":{"workflowEntityId":null,"processAdvisorMetadata":null,"flowChargedByPaygo":null,"flowclientsuspensionreason":"None","flowclientsuspensiontime":null,"flowclientsuspensionreasondetails":null,"creator":{"id":"8aa2e849-a140-45ab-9d60-4c1e2aa417b3","type":"User","tenantId":"cdb7dfd3-ce82-4390-a0cf-e4ff74cbaf74"},"provisioningMethod":"FromDefinition","failureAlertSubscription":true,"clientLastModifiedTime":"2024-08-23T03:43:30.691776Z","connectionKeySavedTimeKey":"2024-08-23T03:43:30.691776Z"},"$schema":"https://schema.management.azure.com/providers/Microsoft.Logic/schemas/2016-06-01/workflowdefinition.json#","contentVersion":"1.0.0.0","parameters":{"$connections":{"defaultValue":{},"type":"Object"},"$authentication":{"defaultValue":{},"type":"SecureObject"}},"triggers":{"manual":{"metadata":{"operationMetadataId":"771a358c-18a0-4a7e-8638-0fcd5cd9a89a"},"type":"Request","kind":"Button","inputs":{"schema":{"type":"object","properties":{"text":{"title":"Delivery method","type":"string","x-ms-dynamically-added":true,"description":"Please enter your deliverry method","x-ms-content-hint":"TEXT","enum":["Email","Slack","Trello"]},"text_1":{"title":"Message","type":"string","x-ms-dynamically-added":true,"description":"Please enter your message","x-ms-content-hint":"TEXT"}},"required":["text","text_1"]}}}},"actions":{"Switch":{"runAfter":{},"cases":{"Case":{"case":"Email","actions":{"Send_an_email_notification_(V3)":{"runAfter":{},"metadata":{"operationMetadataId":"a989a846-ac95-4848-a82a-08546d8cc4bb"},"type":"OpenApiConnection","inputs":{"host":{"apiId":"/providers/Microsoft.PowerApps/apis/shared_sendmail","connectionName":"shared_sendmail","operationId":"SendEmailV3"},"parameters":{"request/to":"Deekshith@star-knowledge.org;","request/subject":"@triggerBody()['text_1']","request/text":"<p>@{triggerBody()['text_1']}</p>"},"authentication":{"value":"@json(decodeBase64(triggerOutputs().headers['X-MS-APIM-Tokens']))['$ConnectionKey']","type":"Raw"}}}}},"Case_2":{"case":"Slack","actions":{"List_public_channels":{"runAfter":{},"metadata":{"operationMetadataId":"8850b345-d5db-49d0-b059-46c40e856774"},"type":"OpenApiConnection","inputs":{"host":{"apiId":"/providers/Microsoft.PowerApps/apis/shared_slack","connectionName":"shared_slack","operationId":"ListChannels_V2"},"parameters":{},"authentication":{"value":"@json(decodeBase64(triggerOutputs().headers['X-MS-APIM-Tokens']))['$ConnectionKey']","type":"Raw"}}},"Apply_to_each_2":{"foreach":"@outputs('List_public_channels')?['body/channels']","actions":{"Post_message_(V2)":{"runAfter":{},"metadata":{"operationMetadataId":"50f8be7f-15ba-4c5a-9183-331730386fd8"},"type":"OpenApiConnection","inputs":{"host":{"apiId":"/providers/Microsoft.PowerApps/apis/shared_slack","connectionName":"shared_slack","operationId":"PostMessage_V2"},"parameters":{"message/channel":"@items('Apply_to_each_2')?['name']","message/text":"@triggerBody()['text_1']"},"authentication":{"value":"@json(decodeBase64(triggerOutputs().headers['X-MS-APIM-Tokens']))['$ConnectionKey']","type":"Raw"}}}},"runAfter":{"List_public_channels":["Succeeded"]},"metadata":{"operationMetadataId":"563e4811-3bf1-4e1c-8777-303515881904"},"type":"Foreach"}}},"Case_3":{"case":"Trello","actions":{"Create_a_card":{"runAfter":{},"metadata":{"operationMetadataId":"4c60032b-f5ab-4cee-a540-f8d240589e34"},"type":"OpenApiConnection","inputs":{"host":{"apiId":"/providers/Microsoft.PowerApps/apis/shared_trello","connectionName":"shared_trello","operationId":"CreateCard_V2"},"parameters":{"board_id":"66c6e63d7d308b9c1545f0c9","newCard/idList":"66c6e63d7d308b9c1545f0d2","newCard/name":"@triggerBody()['text_1']","newCard/desc":"@triggerBody()['text_1']","newCard/urlSource":"null"},"authentication":{"value":"@json(decodeBase64(triggerOutputs().headers['X-MS-APIM-Tokens']))['$ConnectionKey']","type":"Raw"}}}}}},"default":{"actions":{}},"expression":"@triggerBody()['text']","metadata":{"operationMetadataId":"d7afd8bb-8853-48b6-8921-21a6d0bb6835"},"type":"Switch"}}},"connectionReferences":{"shared_sendmail":{"connectionName":"shared-sendmail-2053a1e1-58de-4dcd-b5af-924a0779eb17","source":"Invoker","id":"/providers/Microsoft.PowerApps/apis/shared_sendmail","tier":"NotSpecified"},"shared_trello":{"connectionName":"shared-trello-75ec8c68-d4f6-49ae-99bd-42d68e4bcc9b","source":"Invoker","id":"/providers/Microsoft.PowerApps/apis/shared_trello","tier":"NotSpecified"},"shared_slack":{"connectionName":"shared-slack-d86d6552-dee6-4023-b380-5b5fe640e4a5","source":"Invoker","id":"/providers/Microsoft.PowerApps/apis/shared_slack","tier":"NotSpecified"}},"flowFailureAlertSubscribed":false,"isManaged":false}}