{"name":"9a8cbf2b-e100-43b0-bd32-14c475a41acb","id":"/providers/Microsoft.Flow/flows/9a8cbf2b-e100-43b0-bd32-14c475a41acb","type":"Microsoft.Flow/flows","properties":{"apiId":"/providers/Microsoft.PowerApps/apis/shared_logicflows","displayName":"Scope - Http request","definition":{"metadata":{"workflowEntityId":null,"processAdvisorMetadata":null,"flowChargedByPaygo":null,"flowclientsuspensionreason":"None","flowclientsuspensiontime":null,"flowclientsuspensionreasondetails":null,"creator":{"id":"8aa2e849-a140-45ab-9d60-4c1e2aa417b3","type":"User","tenantId":"cdb7dfd3-ce82-4390-a0cf-e4ff74cbaf74"},"provisioningMethod":"FromDefinition","failureAlertSubscription":true,"clientLastModifiedTime":"2024-08-23T11:06:32.6123339Z","connectionKeySavedTimeKey":"2024-08-23T11:06:32.6123339Z"},"$schema":"https://schema.management.azure.com/providers/Microsoft.Logic/schemas/2016-06-01/workflowdefinition.json#","contentVersion":"undefined","parameters":{"$authentication":{"defaultValue":{},"type":"SecureObject"},"$connections":{"defaultValue":{},"type":"Object"}},"triggers":{"manual":{"metadata":{"operationMetadataId":"63ab7b41-9504-4a99-b5ab-5a6b0ed64056"},"type":"Request","kind":"Button","inputs":{"schema":{"type":"object","properties":{},"required":[]}}}},"actions":{"Apply_to_each":{"foreach":"@body('Parse_JSON')?['data']","actions":{"Post_message_(V2)-copy":{"metadata":{"operationMetadataId":"a28cfdf9-066c-49d4-a76a-8f46371547c3"},"type":"OpenApiConnection","inputs":{"parameters":{"message/channel":"C07J0CZ79DH","message/text":"@item()?['first_name']"},"host":{"apiId":"/providers/Microsoft.PowerApps/apis/shared_slack","connectionName":"shared_slack","operationId":"PostMessage_V2"},"authentication":{"value":"@json(decodeBase64(triggerOutputs().headers['X-MS-APIM-Tokens']))['$ConnectionKey']","type":"Raw"}}}},"runAfter":{"Http_request_and_parsing":["Succeeded"]},"metadata":{"operationMetadataId":"18167112-499e-45e3-89e2-0f08a40cd14f"},"type":"Foreach"},"Http_request_and_parsing":{"actions":{"HTTP":{"metadata":{"operationMetadataId":"f4964722-bd0e-4882-87e0-4e4189869a97"},"type":"Http","inputs":{"uri":"https://reqres.in/api/users?page=2","method":"GET"},"runtimeConfiguration":{"contentTransfer":{"transferMode":"Chunked"}}},"Parse_JSON":{"runAfter":{"HTTP":["Succeeded"]},"metadata":{"operationMetadataId":"aa561ea5-df79-436b-b709-d910622820db"},"type":"ParseJson","inputs":{"content":"@body('HTTP')","schema":{"type":"object","properties":{"page":{"type":"integer"},"per_page":{"type":"integer"},"total":{"type":"integer"},"total_pages":{"type":"integer"},"data":{"type":"array","items":{"type":"object","properties":{"id":{"type":"integer"},"email":{"type":"string"},"first_name":{"type":"string"},"last_name":{"type":"string"},"avatar":{"type":"string"}},"required":["id","email","first_name","last_name","avatar"]}},"support":{"type":"object","properties":{"url":{"type":"string"},"text":{"type":"string"}}}}}}}},"runAfter":{},"metadata":{"operationMetadataId":"533cb96b-ee8f-4bc0-b97c-f84abd2e262c"},"type":"Scope"},"Post_message_in_a_chat_or_channel":{"runAfter":{"Apply_to_each":["Failed","TimedOut"]},"type":"OpenApiConnection","inputs":{"parameters":{"poster":"Flow bot","location":"Channel","body/recipient/groupId":"39121b98-5f9f-4f00-9da0-410bfb326c97","body/recipient/channelId":"19:xM0pJBWLtmbSuMG1Eg4kVTXdTO6GyB-YKnaBOaE5qAw1@thread.tacv2","body/messageBody":"<p class=\"editor-paragraph\">Http request failed to parse</p>"},"host":{"apiId":"/providers/Microsoft.PowerApps/apis/shared_teams","connectionName":"shared_teams","operationId":"PostMessageToConversation"},"authentication":{"value":"@json(decodeBase64(triggerOutputs().headers['X-MS-APIM-Tokens']))['$ConnectionKey']","type":"Raw"}}},"Create_a_card":{"runAfter":{"Apply_to_each":["Succeeded"]},"type":"OpenApiConnection","inputs":{"parameters":{"board_id":"66c6e63d7d308b9c1545f0c9","newCard/idList":"66c6e63d7d308b9c1545f0d2","newCard/name":"Http request has been parsed","newCard/urlSource":"null"},"host":{"apiId":"/providers/Microsoft.PowerApps/apis/shared_trello","connectionName":"shared_trello","operationId":"CreateCard_V2"},"authentication":{"value":"@json(decodeBase64(triggerOutputs().headers['X-MS-APIM-Tokens']))['$ConnectionKey']","type":"Raw"}}}}},"connectionReferences":{"shared_slack":{"connectionName":"shared-slack-d86d6552-dee6-4023-b380-5b5fe640e4a5","source":"Invoker","id":"/providers/Microsoft.PowerApps/apis/shared_slack","tier":"NotSpecified"},"shared_teams":{"connectionName":"shared-teams-656dba3a-7c6a-4586-b5f7-e3075dfada2b","source":"Invoker","id":"/providers/Microsoft.PowerApps/apis/shared_teams","tier":"NotSpecified"},"shared_trello":{"connectionName":"shared-trello-75ec8c68-d4f6-49ae-99bd-42d68e4bcc9b","source":"Invoker","id":"/providers/Microsoft.PowerApps/apis/shared_trello","tier":"NotSpecified"}},"flowFailureAlertSubscribed":false,"isManaged":false}}