{"name":"80d60857-4d90-4607-8beb-c4cffd3e30ef","id":"/providers/Microsoft.Flow/flows/80d60857-4d90-4607-8beb-c4cffd3e30ef","type":"Microsoft.Flow/flows","properties":{"apiId":"/providers/Microsoft.PowerApps/apis/shared_logicflows","displayName":"Split function","definition":{"metadata":{"workflowEntityId":null,"processAdvisorMetadata":null,"flowChargedByPaygo":null,"flowclientsuspensionreason":"None","flowclientsuspensiontime":null,"flowclientsuspensionreasondetails":null,"creator":{"id":"8aa2e849-a140-45ab-9d60-4c1e2aa417b3","type":"User","tenantId":"cdb7dfd3-ce82-4390-a0cf-e4ff74cbaf74"},"provisioningMethod":"FromDefinition","failureAlertSubscription":true,"clientLastModifiedTime":"2024-08-26T13:04:14.0766391Z","connectionKeySavedTimeKey":"2024-08-26T13:04:14.0766391Z"},"$schema":"https://schema.management.azure.com/providers/Microsoft.Logic/schemas/2016-06-01/workflowdefinition.json#","contentVersion":"undefined","parameters":{"$authentication":{"defaultValue":{},"type":"SecureObject"},"$connections":{"defaultValue":{},"type":"Object"}},"triggers":{"manual":{"type":"Request","kind":"Button","inputs":{"schema":{"type":"object","properties":{"text":{"description":"Please enter your input","title":"Input","type":"string","x-ms-content-hint":"TEXT","x-ms-dynamically-added":true}},"required":["text"]}}}},"actions":{"Apply_to_each":{"foreach":"@split('Welcome to star knowledge ventures llp', ' ')","actions":{"Post_message_(V2)":{"type":"OpenApiConnection","inputs":{"parameters":{"message/channel":"C07J0CZ79DH","message/text":"@items('Apply_to_each')"},"host":{"apiId":"/providers/Microsoft.PowerApps/apis/shared_slack","connectionName":"shared_slack","operationId":"PostMessage_V2"},"authentication":{"value":"@json(decodeBase64(triggerOutputs().headers['X-MS-APIM-Tokens']))['$ConnectionKey']","type":"Raw"}}}},"runAfter":{},"type":"Foreach"}}},"connectionReferences":{"shared_slack":{"connectionName":"shared-slack-d86d6552-dee6-4023-b380-5b5fe640e4a5","source":"Invoker","id":"/providers/Microsoft.PowerApps/apis/shared_slack","tier":"NotSpecified"}},"flowFailureAlertSubscribed":false,"isManaged":false}}