{"name":"205f61c1-a079-482e-b881-f265ce587745","id":"/providers/Microsoft.Flow/flows/205f61c1-a079-482e-b881-f265ce587745","type":"Microsoft.Flow/flows","properties":{"apiId":"/providers/Microsoft.PowerApps/apis/shared_logicflows","displayName":"SendMail","definition":{"metadata":{"workflowEntityId":null,"processAdvisorMetadata":null,"flowChargedByPaygo":null,"flowclientsuspensionreason":"None","flowclientsuspensiontime":null,"flowclientsuspensionreasondetails":null,"creator":{"id":"8aa2e849-a140-45ab-9d60-4c1e2aa417b3","type":"User","tenantId":"cdb7dfd3-ce82-4390-a0cf-e4ff74cbaf74"},"provisioningMethod":"FromDefinition","failureAlertSubscription":true,"clientLastModifiedTime":"2024-08-21T04:49:48.0113043Z","connectionKeySavedTimeKey":"2024-08-21T04:49:48.0113043Z"},"$schema":"https://schema.management.azure.com/providers/Microsoft.Logic/schemas/2016-06-01/workflowdefinition.json#","contentVersion":"undefined","parameters":{"$authentication":{"defaultValue":{},"type":"SecureObject"},"$connections":{"defaultValue":{},"type":"Object"}},"triggers":{"manual":{"type":"Request","kind":"Button","inputs":{"schema":{"type":"object","properties":{"location":{"type":"object","properties":{"fullAddress":{"title":"Full address","type":"string","x-ms-dynamically-added":false},"address":{"type":"object","properties":{"countryOrRegion":{"title":"Country/Region","type":"string","x-ms-dynamically-added":false},"city":{"title":"City","type":"string","x-ms-dynamically-added":false},"state":{"title":"State","type":"string","x-ms-dynamically-added":false},"street":{"title":"Street","type":"string","x-ms-dynamically-added":false},"postalCode":{"title":"Postal code","type":"string","x-ms-dynamically-added":false}},"required":["countryOrRegion","city","state","street","postalCode"]},"coordinates":{"type":"object","properties":{"latitude":{"title":"Latitude","type":"number","x-ms-dynamically-added":false},"longitude":{"title":"Longitude","type":"number","x-ms-dynamically-added":false}},"required":["latitude","longitude"]}}},"key-button-date":{"title":"Date","type":"string","x-ms-dynamically-added":false}},"required":["location","key-button-date"]}}}},"actions":{"Send_an_email_notification_(V3)":{"runAfter":{},"type":"OpenApiConnection","inputs":{"parameters":{"request/to":"deekshith@star-knowledge.org","request/subject":"Hello! Power Automate","request/text":"<p class=\"editor-paragraph\">This is a demo mail.</p><p class=\"editor-paragraph\">Date: @{triggerBody()?['key-button-date']}</p><p class=\"editor-paragraph\">Time: @{triggerOutputs()?['headers']?['x-ms-user-timestamp']}</p><p class=\"editor-paragraph\">Address: @{triggerBody()?['location']?['fullAddress']}</p><p class=\"editor-paragraph\">Country: @{triggerBody()?['location']?['address']?['countryOrRegion']}</p><p class=\"editor-paragraph\">City: @{triggerBody()?['location']?['address']?['city']}</p><p class=\"editor-paragraph\">State: @{triggerBody()?['location']?['address']?['state']}</p><p class=\"editor-paragraph\">Street: @{triggerBody()?['location']?['address']?['street']}</p><p class=\"editor-paragraph\">Pin code: @{triggerBody()?['location']?['address']?['postalCode']}.</p>"},"host":{"apiId":"/providers/Microsoft.PowerApps/apis/shared_sendmail","connectionName":"shared_sendmail","operationId":"SendEmailV3"},"authentication":{"value":"@json(decodeBase64(triggerOutputs().headers['X-MS-APIM-Tokens']))['$ConnectionKey']","type":"Raw"}}}}},"connectionReferences":{"shared_sendmail":{"connectionName":"shared-sendmail-dc873243-204e-4b9a-afbf-f92748576c37","source":"Invoker","id":"/providers/Microsoft.PowerApps/apis/shared_sendmail","tier":"NotSpecified"}},"flowFailureAlertSubscribed":false,"isManaged":false}}